dx,dy,mode
0.0,0.0,0
0.0,0.0,0
0.0,0.0,0
0.0,0.0,0
0.0,0.0,0
0.0,0.0,0
0.0,0.0,0
0.0,0.0,0
0.0,0.0,0
0.0,0.0,0
0.0,0.0,0
0.0,0.0,0
0.0,0.0,0
0.0,0.0,0
0.0,0.0,0
0.0,0.0,0
0.0,0.0,0
0.0,0.0,0
0.0,0.0,0
0.0,0.0,0
0.0,0.0,0
0.0,0.0,0
0.0,0.0,0
0.0,0.0,0
0.0,0.0,0
0.0,0.0,0
0.0,0.0,0
0.0,0.0,0
0.0,0.0,0
0.0,0.0,0
0.0,0.0,0
0.0,0.0,0
0.0,0.0,0
0.0,0.0,0
0.0,0.0,0
0.0,0.0,0
0.0,0.0,0
0.0,0.0,0
0.0,0.0,0
0.0,0.0,0
0.0,0.0,0
0.0,0.0,0
0.0,0.0,0
0.0,0.0,0
0.0,0.0,0
0.0,0.0,0
0.0,0.0,0
0.0,0.0,0
0.0,0.0,0
0.0,0.0,0
0.0,0.0,0
0.0,0.0,0
0.0,0.0,0
0.0,0.0,0
0.0,0.0,0
0.0,0.0,0
0.0,0.0,0
0.0,0.0,0
0.0,0.0,0
0.0,0.0,0
0.0,0.0,0
0.0,0.0,0
0.0,0.0,0
0.0,0.0,0
0.0,0.0,0
0.0,0.0,0
0.0,0.0,0
0.0,0.0,0
0.0,0.0,0
0.0,0.0,0
0.0,0.0,0
0.0,0.0,0
0.0,0.0,0
0.0,0.0,0
0.0,0.0,0
0.0,0.0,0
0.0,0.0,0
0.0,0.0,0
0.0,0.0,0
0.0,0.0,0
0.0,0.0,0
0.0,0.0,0
0.0,0.0,0
0.0,0.0,0
0.0,0.0,0
0.0,0.0,0
0.0,0.0,0
0.0,0.0,0
0.0,0.0,0
0.0,0.0,0
0.0,0.0,0
0.0,0.0,0
0.0,0.0,0
0.0,0.0,0
0.0,0.0,0
0.0,0.0,0
0.0,0.0,0
0.0,0.0,0
0.0,0.0,0
0.0,0.0,0
0.0,0.0,0
0.0,0.0,0
0.0,0.0,0
0.0,0.0,0
0.0,0.0,0
0.0,0.0,0
0.0,0.0,0
0.0,0.0,0
0.0,0.0,0
0.0,0.0,0
0.0,0.0,0
0.0,0.0,0
0.0,0.0,0
0.0,0.0,0
0.0,0.0,0
0.0,0.0,0
0.0,0.0,0
0.0,0.0,0
0.0,0.0,0
0.0,0.0,0
0.0,0.0,0
0.0,0.0,0
0.0,0.0,0
0.0,0.0,0
0.0,0.0,0
0.0,0.0,0
0.0,0.0,0
0.0,0.0,0
0.0,0.0,0
0.0,0.0,0
0.0,0.0,0
0.0,0.0,0
0.0,0.0,1
0.0,0.0,1
0.0,0.0,1
0.0,0.0,1
0.0,0.0,1
0.0,0.0,1
73.6,-14.8,1
179.4,-19.9,1
158.0,-19.2,1
96.9,1.1,1
-62.3,-14.3,1
-260.7,-31.4,1
0.0,0.0,1
0.0,0.0,1
0.0,0.0,1
-660.9,-16.1,1
-590.4,10.8,1
-463.4,10.9,1
-185.1,62.3,1
75.8,83.6,1
401.4,104.6,1
0.0,0.0,1
0.0,0.0,1
663.7,40.5,1
543.3,20.6,1
413.8,-20.3,1
168.7,-42.2,1
-107.9,-104.3,1
-495.2,-141.7,1
0.0,0.0,1
-779.3,-168.9,1
-505.3,-116.7,1
-227.0,-35.8,1
54.3,0.6,1
451.9,100.5,1
0.0,0.0,1
0.0,0.0,1
714.9,36.7,1
629.0,69.6,1
522.8,25.8,1
299.4,-10.6,1
41.5,-76.7,1
-281.9,-52.5,1
-653.0,-3.4,1
0.0,0.0,1
0.0,0.0,1
0.0,0.0,1
0.0,0.0,1
-731.5,116.6,1
0.0,0.0,1
0.0,0.0,1
-627.9,-20.1,1
-461.0,-14.1,1
-627.2,-29.8,1
-708.8,-32.0,1
0.0,0.0,1
-123.4,84.0,1
103.1,122.8,1
292.4,140.6,1
395.8,117.7,1
365.1,119.2,1
283.9,97.3,1
189.8,75.5,1
70.9,-9.0,1
-30.6,-27.4,1
-146.7,-66.2,1
-209.0,-94.4,1
-110.2,-77.4,1
37.4,-65.0,1
178.3,-56.3,1
282.0,2.7,1
228.7,48.4,1
62.4,70.8,1
-163.1,77.1,1
0.0,0.0,1
0.0,0.0,1
-651.0,52.2,1
0.0,0.0,1
0.0,0.0,1
0.0,0.0,1
0.0,0.0,1
0.0,0.0,1
0.0,0.0,1
-712.0,20.8,1
-236.6,45.2,1
-165.4,112.0,1
38.2,214.9,1
269.9,284.7,1
476.0,328.0,1
556.3,221.2,1
496.5,97.6,1
333.7,-67.4,1
132.7,-194.6,1
-116.7,-344.9,1
0.0,0.0,1
0.0,0.0,1
-543.8,-245.3,1
-561.7,-148.4,1
-504.0,-87.8,1
-289.2,3.8,1
-13.7,74.8,1
339.6,187.7,1
778.1,315.0,1
0.0,0.0,1
0.0,0.0,1
0.0,0.0,1
0.0,0.0,1
743.7,120.6,1
799.2,23.5,1
0.0,0.0,1
656.2,-207.2,1
418.1,-257.4,1
205.0,-265.5,1
-5.1,-248.3,1
-199.6,-242.3,1
-131.5,-210.2,1
25.7,-127.3,1
0.0,0.0,1
164.5,72.5,1
265.2,245.1,1
333.2,282.4,1
314.6,278.3,1
217.5,255.2,1
82.2,203.2,1
-110.2,135.6,1
-339.3,48.2,1
0.0,0.0,1
-546.1,-121.5,1
-499.3,-146.3,1
-453.0,-116.6,1
0.0,0.0,1
0.0,0.0,1
0.0,0.0,1
89.0,73.9,1
120.2,99.4,1
108.9,132.3,1
23.1,100.2,1
-130.5,77.5,1
-269.1,56.5,1
-335.8,-11.0,1
-264.0,-47.1,1
-134.3,-16.5,1
82.1,8.1,1
327.1,9.4,1
604.4,5.7,1
646.2,-6.7,1
543.8,-33.2,1
342.4,-37.1,1
83.7,-95.8,1
-330.7,-132.0,1
0.0,0.0,1
0.0,0.0,1
0.0,0.0,1
0.0,0.0,1
0.0,0.0,1
0.0,0.0,1
0.0,0.0,1
0.0,0.0,1
0.0,0.0,1
0.0,0.0,1
0.0,0.0,1
0.0,0.0,1
-630.7,246.8,1
-376.0,239.9,1
-207.4,227.9,1
-3.0,177.5,1
248.8,44.7,1
521.8,-119.7,1
680.3,-270.6,1
596.4,-338.8,1
342.5,-315.9,1
0.0,0.0,1
-27.7,-306.2,1
-175.0,-279.0,1
-210.7,-240.6,1
-129.8,-101.3,1
-33.5,76.5,1
152.2,203.5,1
354.6,259.0,1
458.5,217.1,1
411.0,151.0,1
259.7,117.6,1
56.6,76.7,1
-243.3,3.3,1
0.0,0.0,1
0.0,0.0,1
0.0,0.0,1
0.0,0.0,1
0.0,0.0,1
0.0,0.0,1
0.0,0.0,1
0.0,0.0,1
0.0,0.0,1
0.0,0.0,1
0.0,0.0,1
0.0,0.0,1
0.0,0.0,1
0.0,0.0,1
0.0,0.0,1
-331.5,-113.0,1
-196.1,-102.5,1
-83.3,-88.4,1
66.2,-38.3,1
232.5,-6.5,1
289.6,3.5,1
207.0,3.5,1
50.4,-8.6,1
-169.4,-8.3,1
-407.7,-22.3,1
-572.8,-46.0,1
-520.6,-21.4,1
-323.4,-13.1,1
-21.9,53.6,1
326.2,82.2,1
0.0,0.0,1
0.0,0.0,1
349.7,25.6,1
0.0,0.0,1
214.9,13.0,1
102.4,20.4,1
7.5,-10.6,1
-176.6,11.9,1
-353.1,88.8,1
-468.4,197.4,1
-483.8,317.8,1
-415.9,318.0,1
-327.4,289.6,1
-231.8,214.9,1
-118.2,155.2,1
-9.7,70.3,1
119.4,-63.1,1
275.7,-101.6,1
352.8,-187.8,1
335.8,-236.2,1
292.1,-257.8,1
222.5,-264.3,1
115.7,-230.7,1
7.7,-200.3,1
-94.3,-126.9,1
-143.7,-18.3,1
-157.7,202.7,1
-153.3,388.0,1
-82.0,465.4,1
-0.2,467.9,1
10.6,414.5,1
-2.1,227.6,1
3.7,-25.9,1
6.5,-312.9,1
0.0,0.0,1
0.0,0.0,1
0.0,0.0,1
0.0,0.0,1
323.4,-361.0,1
377.9,-292.1,1
117.4,-297.7,1
-136.8,-304.0,1
-244.6,-223.9,1
0.0,0.0,1
0.0,0.0,1
-295.2,85.0,1
-240.5,162.3,1
-170.9,179.0,1
-11.5,221.4,1
177.9,216.6,1
349.8,179.3,1
453.9,66.6,1
426.1,-16.6,1
293.7,-100.8,1
114.0,-153.3,1
-117.7,-186.4,1
-464.7,-204.5,1
0.0,0.0,1
0.0,0.0,1
0.0,0.0,1
0.0,0.0,1
0.0,0.0,1
0.0,0.0,1
0.0,0.0,1
0.0,0.0,1
0.0,0.0,1
-637.9,133.8,1
-510.2,134.1,1
-211.7,166.0,1
7.4,247.3,1
228.8,304.0,1
595.1,363.5,1
0.0,0.0,1
0.0,0.0,1
0.0,0.0,1
0.0,0.0,1
0.0,0.0,1
0.0,0.0,1
0.0,0.0,1
0.0,0.0,1
0.0,0.0,1
0.0,0.0,1
0.0,0.0,1
749.8,-339.2,1
0.0,0.0,1
0.0,0.0,1
0.0,0.0,1
0.0,0.0,1
0.0,0.0,1
0.0,0.0,1
0.0,0.0,1
0.0,0.0,1
0.0,0.0,1
0.0,0.0,1
0.0,0.0,1
701.0,-192.3,1
545.5,-177.0,1
356.1,-184.2,1
143.9,-182.1,1
-82.0,-185.2,1
-384.7,-173.0,1
-679.3,-117.0,1
0.0,0.0,1
0.0,0.0,1
-557.2,159.4,1
-407.1,331.6,1
-305.1,414.5,1
-95.9,459.8,1
518.0,452.2,1
0.0,0.0,1
0.0,0.0,1
0.0,0.0,1
0.0,0.0,1
0.0,0.0,1
0.0,0.0,1
0.0,0.0,1
661.2,-192.1,1
565.9,-178.2,1
393.2,-130.5,1
212.7,-141.4,1
63.3,-128.4,1
-52.7,-120.3,1
-144.0,-78.7,1
-141.8,8.1,1
-85.3,130.9,1
44.7,217.2,1
202.2,234.8,1
300.3,205.3,1
364.6,169.3,1
326.3,74.6,1
252.4,27.6,1
158.3,-42.3,1
36.1,-136.2,1
-89.8,-212.9,1
-197.1,-255.0,1
-176.6,-209.8,1
-109.2,-76.5,1
18.9,20.6,1
123.9,90.0,1
163.3,146.0,1
111.2,135.9,1
42.2,102.5,1
-7.0,69.2,1
-17.8,-1.9,1
54.2,-95.3,1
156.7,-183.7,1
266.9,-238.8,1
270.0,-175.6,1
-235.3,-94.5,1
-508.1,-42.4,1
0.0,0.0,1
-731.3,35.6,1
-610.5,85.5,1
-450.0,131.6,1
-276.0,122.8,1
-49.8,128.8,1
200.6,191.8,1
448.5,247.9,1
549.8,250.4,1
506.6,212.0,1
415.4,148.5,1
290.8,47.8,1
189.4,-33.4,1
147.1,-149.8,1
0.0,0.0,1
0.0,0.0,1
0.0,0.0,1
0.0,0.0,1
0.0,0.0,1
0.0,0.0,1
0.0,0.0,1
0.0,0.0,1
0.0,0.0,1
0.0,0.0,1
0.0,0.0,1
0.0,0.0,1
0.0,0.0,1
0.0,0.0,1
0.0,0.0,1
0.0,0.0,1
0.0,0.0,1
0.0,0.0,1
-142.2,-259.0,1
-265.7,-272.1,1
-337.2,-240.9,1
-324.0,-155.5,1
-210.9,-50.7,1
-36.4,74.5,1
765.9,154.0,1
0.0,0.0,1
0.0,0.0,1
0.0,0.0,1
0.0,0.0,1
0.0,0.0,1
0.0,0.0,1
0.0,0.0,1
0.0,0.0,1
0.0,0.0,1
0.0,0.0,1
0.0,0.0,1
0.0,0.0,1
0.0,0.0,1
0.0,0.0,1
0.0,0.0,1
0.0,0.0,1
0.0,0.0,1
0.0,0.0,1
0.0,0.0,1
0.0,0.0,1
0.0,0.0,1
0.0,0.0,1
0.0,0.0,1
0.0,0.0,1
0.0,0.0,1
0.0,0.0,1
0.0,0.0,1
0.0,0.0,1
0.0,0.0,1
0.0,0.0,1
0.0,0.0,1
0.0,0.0,1
0.0,0.0,1
0.0,0.0,1
307.1,-89.9,1
330.1,-129.2,1
244.0,-99.8,1
62.5,7.9,1
-134.3,74.7,1
-320.2,141.2,1
-680.9,224.0,1
-668.8,193.7,1
-546.0,138.2,1
-328.7,57.5,1
-57.1,-90.8,1
257.5,-132.2,1
561.2,-150.6,1
752.5,-138.7,1
648.6,-86.9,1
324.8,-76.6,1
-11.3,-28.5,1
-413.3,-43.1,1
0.0,0.0,1
0.0,0.0,1
0.0,0.0,1
0.0,0.0,1
0.0,0.0,1
0.0,0.0,1
0.0,0.0,1
0.0,0.0,1
0.0,0.0,1
0.0,0.0,1
-578.1,361.3,1
-589.7,330.4,1
0.0,0.0,1
0.0,0.0,1
0.0,0.0,1
-536.4,74.7,1
-465.8,-6.0,1
0.0,0.0,1
-210.9,-61.1,1
-63.7,-86.4,1
-43.5,-73.5,1
39.8,-61.1,1
149.7,-20.7,1
236.7,56.2,1
288.8,141.6,1
279.6,142.0,1
218.8,112.7,1
131.3,61.6,1
0.0,0.0,1
-33.1,-5.2,1
-110.5,-15.6,1
-101.0,-33.6,1
-10.0,-41.4,1
101.3,24.5,1
217.9,51.9,1
283.3,126.5,1
284.0,144.9,1
183.8,146.1,1
29.4,91.1,1
-184.8,86.5,1
-407.7,96.3,1
-511.8,71.8,1
-457.7,63.0,1
-309.5,42.7,1
-2.3,31.5,1
690.3,125.8,1
0.0,0.0,1
0.0,0.0,1
0.0,0.0,1
0.0,0.0,1
0.0,0.0,1
0.0,0.0,1
0.0,0.0,1
0.0,0.0,1
0.0,0.0,1
0.0,0.0,1
637.6,-47.8,1
68.1,-31.4,1
-72.3,-111.0,1
-301.8,-187.8,1
-566.0,-251.8,1
-580.6,-232.6,1
-389.0,-147.8,1
-76.9,-44.3,1
213.0,39.3,1
498.6,110.0,1
0.0,0.0,1
500.0,136.8,1
203.3,90.3,1
20.6,77.4,1
-203.8,58.7,1
-403.6,-2.8,1
-415.5,-117.0,1
4.5,-107.5,1
270.7,-124.0,1
476.6,-68.7,1
559.1,-11.1,1
457.8,36.4,1
282.0,50.1,1
12.7,46.3,1
-357.4,24.0,1
0.0,0.0,1
0.0,0.0,1
0.0,0.0,1
0.0,0.0,1
0.0,0.0,1
0.0,0.0,1
0.0,0.0,1
0.0,0.0,1
0.0,0.0,1
0.0,0.0,1
0.0,0.0,1
0.0,0.0,1
0.0,0.0,1
0.0,0.0,1
-654.9,-90.7,1
-290.9,-75.6,1
-14.9,-22.5,1
136.9,65.7,1
381.4,170.1,1
601.7,254.6,1
640.6,265.9,1
487.7,167.9,1
299.0,42.8,1
-87.9,-71.4,1
0.0,0.0,1
0.0,0.0,1
0.0,0.0,1
0.0,0.0,1
0.0,0.0,1
0.0,0.0,1
0.0,0.0,1
0.0,0.0,1
-557.1,-264.6,1
-419.0,-248.6,1
-282.5,-223.1,1
-42.3,-185.5,1
175.7,-94.3,1
236.8,-51.8,1
338.1,174.5,1
177.2,210.5,1
-6.5,231.4,1
-251.2,184.0,1
-471.9,111.7,1
-519.2,-14.5,1
-332.1,-29.6,1
-29.9,-55.4,1
373.3,-59.7,1
0.0,0.0,1
0.0,0.0,1
0.0,0.0,1
0.0,0.0,1
0.0,0.0,1
0.0,0.0,1
0.0,0.0,1
652.8,242.1,1
369.0,248.9,1
188.4,162.5,1
-236.6,70.1,1
0.0,0.0,1
-750.7,-105.0,1
-638.8,-120.2,1
-484.7,-109.8,1
-174.4,-65.9,1
117.9,-2.5,1
424.2,41.6,1
594.5,68.0,1
472.9,77.1,1
245.6,67.4,1
20.1,26.1,1
-205.3,9.3,1
-363.3,-55.2,1
-395.2,-70.1,1
-219.9,-61.9,1
-14.6,-36.2,1
223.2,-3.4,1
401.3,62.2,1
374.6,156.1,1
184.1,190.9,1
-48.6,170.2,1
-337.4,176.0,1
-597.2,136.0,1
0.0,0.0,1
-392.0,26.7,1
131.7,-2.9,1
378.9,-27.1,1
625.6,-75.2,1
556.0,-163.7,1
336.5,-267.2,1
-18.7,-261.0,1
-373.6,-244.0,1
0.0,0.0,1
0.0,0.0,1
0.0,0.0,1
-649.9,164.6,1
-487.9,240.2,1
-276.4,261.7,1
-14.3,242.0,1
294.5,219.8,1
629.6,112.9,1
724.0,-39.7,1
472.6,-106.3,1
144.9,-165.8,1
-243.7,-166.6,1
-747.2,-223.9,1
0.0,0.0,1
0.0,0.0,1
0.0,0.0,1
0.0,0.0,1
-670.0,62.2,1
-544.7,101.8,1
-360.8,117.7,1
-103.9,126.1,1
181.3,94.4,1
472.6,97.4,1
602.9,49.3,1
235.2,28.4,1
0.0,0.0,1
-250.4,-30.0,1
0.0,0.0,1
0.0,0.0,1
0.0,0.0,1
0.0,0.0,1
0.0,0.0,1
0.0,0.0,1
0.0,0.0,1
0.0,0.0,1
0.0,0.0,1
0.0,0.0,1
0.0,0.0,1
0.0,0.0,1
0.0,0.0,1
-318.0,-106.8,1
-234.2,-117.5,1
-208.3,-51.7,1
-122.4,46.1,1
-10.6,114.6,1
136.6,150.5,1
242.4,171.3,1
228.0,48.7,1
100.2,-12.1,1
-140.7,-138.9,1
-340.0,-264.2,1
-450.0,-278.9,1
-289.7,-213.0,1
42.0,-93.6,1
377.6,32.6,1
0.0,0.0,1
0.0,0.0,1
0.0,0.0,1
0.0,0.0,1
642.5,443.4,1
326.2,414.9,1
256.8,446.3,1
80.4,303.9,1
-127.9,13.4,1
-312.7,-257.3,1
0.0,0.0,1
0.0,0.0,1
0.0,0.0,1
0.0,0.0,1
0.0,0.0,1
0.0,0.0,1
0.0,0.0,1
0.0,0.0,1
0.0,0.0,1
0.0,0.0,1
0.0,0.0,1
0.0,0.0,1
0.0,0.0,1
-63.1,-345.6,1
-176.1,-298.7,1
-266.9,-251.9,1
-245.5,-87.3,1
-140.9,44.1,1
64.9,163.8,1
296.5,258.2,1
539.4,261.5,1
640.5,165.1,1
527.8,62.5,1
300.1,-34.1,1
16.7,-85.1,1
-352.3,-158.8,1
-798.8,-207.6,1
0.0,0.0,1
0.0,0.0,1
-522.0,10.2,1
-332.0,180.8,1
-141.3,267.9,1
227.1,375.2,1
530.9,355.1,1
219.2,149.2,1
2.2,-52.0,1
-192.8,-250.0,1
0.0,0.0,1
0.0,0.0,1
-361.6,-350.2,1
-315.6,-316.3,1
-210.2,-245.3,1
-2.0,-99.3,1
236.5,68.9,1
390.5,183.2,1
444.2,318.5,1
292.7,331.1,1
84.2,275.6,1
-217.0,176.9,1
-511.0,72.2,1
-733.6,-123.3,1
-620.4,-182.6,1
-307.9,-189.6,1
-63.2,-179.6,1
154.5,-139.8,1
553.2,-92.6,1
0.0,0.0,1
691.8,11.3,1
510.0,26.2,1
285.4,69.6,1
8.6,43.0,1
-342.8,-1.0,1
-736.9,-74.2,1
0.0,0.0,1
0.0,0.0,1
0.0,0.0,1
-668.3,-159.1,1
0.0,0.0,1
0.0,0.0,1
0.0,0.0,1
0.0,0.0,1
0.0,0.0,1
0.0,0.0,1
0.0,0.0,1
0.0,0.0,1
0.0,0.0,1
-660.0,186.2,1
-499.3,134.6,1
-444.8,121.0,1
-282.3,83.4,1
-59.2,20.0,1
180.9,-31.7,1
483.1,-36.8,1
630.5,-91.7,1
481.0,-83.5,1
253.4,-18.1,1
-10.3,3.7,1
-300.0,61.8,1
-563.9,142.5,1
-532.3,177.8,1
-398.7,171.5,1
-244.8,110.7,1
-95.0,-20.5,1
24.4,-152.2,1
113.4,-199.1,1
287.8,-193.3,1
404.3,-120.6,1
460.9,43.7,1
391.7,79.8,1
246.6,105.8,1
0.0,0.0,1
-157.5,83.0,1
-486.7,56.4,1
0.0,0.0,1
0.0,0.0,1
0.0,0.0,1
0.0,0.0,1
0.0,0.0,1
0.0,0.0,1
0.0,0.0,1
0.0,0.0,1
-568.7,116.6,1
-407.6,198.4,1
-154.4,271.8,1
154.8,325.8,1
436.2,270.2,1
655.5,-9.1,1
724.4,-248.3,1
0.0,0.0,1
0.0,0.0,1
0.0,0.0,1
0.0,0.0,1
0.0,0.0,1
0.0,0.0,1
0.0,0.0,1
0.0,0.0,1
-444.8,-355.8,1
-460.8,-311.5,1
-475.9,-290.8,1
-408.7,-291.9,1
-272.0,-282.4,1
-75.8,-251.6,1
110.7,-144.0,1
178.7,-12.1,1
119.1,102.5,1
-33.0,170.3,1
-251.3,195.3,1
-430.8,146.3,1
-459.2,89.3,1
-321.5,62.0,1
-82.3,22.2,1
177.6,19.4,1
263.1,202.1,1
267.0,190.7,1
266.9,190.8,1
267.1,190.5,1
266.5,190.2,1
266.9,190.4,1
266.4,190.0,1
266.6,190.0,1
267.0,190.4,1
267.2,190.5,1
267.1,190.4,1
266.9,190.1,1
267.2,190.7,1
265.2,184.5,1
265.7,186.2,1
265.7,182.4,0
264.2,182.9,0
265.2,181.0,0
265.0,179.0,0
265.8,183.6,0
265.7,183.0,0
265.4,183.8,0
269.3,178.7,0
0.0,0.0,0
0.0,0.0,0
0.0,0.0,0
0.0,0.0,0
0.0,0.0,0
0.0,0.0,0
0.0,0.0,0
0.0,0.0,0
0.0,0.0,0
0.0,0.0,0
0.0,0.0,0
0.0,0.0,0
0.0,0.0,0
0.0,0.0,0
0.0,0.0,0
0.0,0.0,0
0.0,0.0,0
0.0,0.0,0
0.0,0.0,0
0.0,0.0,0
0.0,0.0,0
0.0,0.0,0
0.0,0.0,0
0.0,0.0,0
0.0,0.0,0
0.0,0.0,0
0.0,0.0,0
0.0,0.0,0
0.0,0.0,0
0.0,0.0,0
0.0,0.0,0
-432.7,118.6,0
-427.6,125.7,0
-428.1,125.5,0
-428.1,125.4,0
-427.3,125.6,0
-427.2,125.4,0
-427.2,125.4,0
-427.2,125.4,0
-427.3,125.5,0
-427.2,125.5,0
-427.6,125.5,0
-427.6,125.6,0
-427.4,125.6,0
-427.5,125.5,0
-427.2,125.5,0
-427.2,125.4,0
-427.7,125.5,0
-427.5,125.5,0
-427.1,125.6,0
-427.5,125.7,0
-427.2,125.5,0
-427.1,125.5,0
-427.6,125.6,0
-427.2,125.5,0
-427.2,125.4,0
-427.2,125.4,0
-427.2,125.3,0
-427.2,125.6,0
-427.2,125.5,0
-427.2,125.4,0
0.0,0.0,0
0.0,0.0,0
